年,月,日,日期,分局,所,經度,緯度,種類
110,12,14,20211214,中壢分局,龍興所,121.2589108,24.9349264,汽車竊盜
110,12,1,20211201,中壢分局,文化所,121.2491243,24.9577296,汽車竊盜
110,11,9,20211109,中壢分局,普仁所,121.2362796,24.9632683,汽車竊盜
110,11,7,20211107,中壢分局,普仁所,121.2313882,24.9562725,汽車竊盜
110,10,31,20211031,中壢分局,興國所,121.2180987,24.9750027,汽車竊盜
110,10,25,20211025,中壢分局,興國所,121.2159265,24.9680275,汽車竊盜
110,10,24,20211024,中壢分局,普仁所,121.231741,24.9506491,汽車竊盜
110,9,23,20210923,中壢分局,文化所,121.2493104,24.97489,汽車竊盜
110,9,19,20210919,中壢分局,仁愛所,121.2545866,24.9384163,汽車竊盜
110,6,27,20210627,中壢分局,內壢所,121.2566954,24.9791421,汽車竊盜
110,6,10,20210610,中壢分局,文化所,121.251227,24.9896491,汽車竊盜
110,6,10,20210610,中壢分局,普仁所,121.2355784,24.9576663,汽車竊盜
110,4,10,20210410,中壢分局,龍興所,121.2266744,24.9423499,汽車竊盜
110,4,7,20210407,中壢分局,仁愛所,121.2552398,24.9461948,汽車竊盜
110,3,27,20210327,中壢分局,龍興所,121.2492965,24.9345189,汽車竊盜
110,3,4,20210304,中壢分局,內壢所,121.2537025,24.977815,汽車竊盜
110,3,1,20210301,中壢分局,自強所,121.2637941,24.9664232,汽車竊盜
110,2,14,20210214,中壢分局,青埔所,121.2117069,25.0056165,汽車竊盜
110,1,28,20210128,中壢分局,文化所,121.2394835,24.9626114,汽車竊盜
110,1,28,20210128,中壢分局,興國所,121.1966881,24.9567746,汽車竊盜
110,1,22,20210122,中壢分局,龍興所,121.2576705,24.9315718,汽車竊盜
110,1,10,20210110,中壢分局,興國所,121.1995026,24.9615297,汽車竊盜
110,1,2,20210102,中壢分局,文化所,121.2423236,24.9662428,汽車竊盜
109,12,29,20201229,中壢分局,內壢所,121.2565002,24.9831647,汽車竊盜
109,11,4,20201104,中壢分局,青埔所,121.2119009,25.01946,汽車竊盜
109,10,13,20201013,中壢分局,青埔所,121.214342,25.0156111,汽車竊盜
109,10,9,20201009,中壢分局,普仁所,121.2433412,24.9506402,汽車竊盜
109,9,19,20200919,中壢分局,仁愛所,121.2591674,24.9387176,汽車竊盜
109,9,11,20200911,中壢分局,興國所,121.21162,24.962112,汽車竊盜
109,7,15,20200715,中壢分局,龍興所,121.2492638,24.9329885,汽車竊盜
109,6,29,20200629,中壢分局,龍興所,121.2349872,24.9282429,汽車竊盜
109,6,28,20200628,中壢分局,興國所,121.2102281,24.958227,汽車竊盜
109,6,10,20200610,中壢分局,仁愛所,121.260826,24.9471992,汽車竊盜
109,6,2,20200602,中壢分局,龍興所,121.244869,24.9291019,汽車竊盜
109,5,26,20200526,中壢分局,普仁所,121.2327477,24.9605981,汽車竊盜
109,5,25,20200525,中壢分局,文化所,121.2476073,24.9835274,汽車竊盜
109,5,4,20200504,中壢分局,興國所,121.2138663,24.9769122,汽車竊盜
109,4,18,20200418,中壢分局,青埔所,121.2035434,24.995757,汽車竊盜
109,4,14,20200414,中壢分局,仁愛所,121.2640873,24.9485909,汽車竊盜
109,4,3,20200403,中壢分局,普仁所,121.2329559,24.9513328,汽車竊盜
109,2,29,20200229,中壢分局,文化所,121.2504887,24.9846377,汽車竊盜
109,2,17,20200217,中壢分局,青埔所,121.2223211,25.0221978,汽車竊盜
109,2,14,20200214,中壢分局,青埔所,121.2228798,24.9772711,汽車竊盜
109,2,13,20200213,中壢分局,龍興所,121.2373521,24.9336049,汽車竊盜
109,2,13,20200213,中壢分局,仁愛所,121.2589254,24.9454956,汽車竊盜
109,2,11,20200211,中壢分局,中福所,121.2279624,24.9918166,汽車竊盜
109,1,5,20200105,中壢分局,大崙所,121.1800336,24.996197,汽車竊盜
108,12,14,20191214,中壢分局,大崙所,121.1945113,25.0072755,汽車竊盜
108,12,14,20191214,中壢分局,中福所,121.235425,24.971277,汽車竊盜
108,12,12,20191212,中壢分局,興國所,121.2050813,24.9623225,汽車竊盜
108,12,11,20191211,中壢分局,大崙所,121.1918626,24.9725685,汽車竊盜
108,12,3,20191203,中壢分局,普仁所,121.2454537,24.9451287,汽車竊盜
108,12,2,20191202,中壢分局,普仁所,121.2366244,24.9492953,汽車竊盜
108,11,17,20191117,中壢分局,大崙所,121.1758274,24.9852577,汽車竊盜
108,11,16,20191116,中壢分局,龍興所,121.2376222,24.9323476,汽車竊盜
108,11,8,20191108,中壢分局,青埔所,121.1949386,25.0034139,汽車竊盜
108,10,29,20191029,中壢分局,龍興所,121.2307574,24.9368749,汽車竊盜
108,10,25,20191025,中壢分局,龍興所,121.2472481,24.9359659,汽車竊盜
108,10,20,20191020,中壢分局,龍興所,121.228384,24.8979506,汽車竊盜
108,10,15,20191015,中壢分局,青埔所,121.22272,25.0205064,汽車竊盜
108,10,13,20191013,中壢分局,興國所,121.2099619,24.9787666,汽車竊盜
108,10,12,20191012,中壢分局,文化所,121.2497407,24.9890241,汽車竊盜
108,10,9,20191009,中壢分局,龍興所,121.2326144,24.9365704,汽車竊盜
108,10,6,20191006,中壢分局,青埔所,121.2112279,25.0149313,汽車竊盜
108,10,6,20191006,中壢分局,內壢所,121.2613377,24.9743994,汽車竊盜
108,9,10,20190910,中壢分局,普仁所,121.2346087,24.9566412,汽車竊盜
108,8,18,20190818,中壢分局,仁愛所,121.2567009,24.9478998,汽車竊盜
108,7,26,20190726,中壢分局,普仁所,121.2321483,24.9547195,汽車竊盜
108,7,21,20190721,中壢分局,文化所,121.2501608,24.9787093,汽車竊盜
108,7,17,20190717,中壢分局,文化所,121.245677,24.9980229,汽車竊盜
108,7,14,20190714,中壢分局,青埔所,121.2164585,25.0233522,汽車竊盜
108,7,4,20190704,中壢分局,文化所,121.2510513,24.9883325,汽車竊盜
108,6,29,20190629,中壢分局,大崙所,121.1524282,24.9646852,汽車竊盜
108,6,22,20190622,中壢分局,龍興所,121.2253887,24.9397963,汽車竊盜
108,6,19,20190619,中壢分局,普仁所,121.235016,24.955682,汽車竊盜
108,6,15,20190615,中壢分局,普仁所,121.2387856,24.9535505,汽車竊盜
108,6,14,20190614,中壢分局,青埔所,121.2018857,25.0107565,汽車竊盜
108,5,25,20190525,中壢分局,仁愛所,121.2616751,24.9470928,汽車竊盜
108,5,18,20190518,中壢分局,普仁所,121.2477377,24.9574406,汽車竊盜
108,5,18,20190518,中壢分局,自強所,121.2624723,24.9660693,汽車竊盜
108,5,17,20190517,中壢分局,大崙所,121.1646352,24.9604638,汽車竊盜
108,5,17,20190517,中壢分局,興國所,121.202048,24.9706639,汽車竊盜
108,5,14,20190514,中壢分局,仁愛所,121.2589254,24.9454956,汽車竊盜
108,5,13,20190513,中壢分局,龍興所,121.245033,24.9368662,汽車竊盜
108,4,12,20190412,中壢分局,興國所,121.2182739,24.9637259,汽車竊盜
108,4,1,20190401,中壢分局,內壢所,121.2547629,24.9776519,汽車竊盜
108,3,29,20190329,中壢分局,龍興所,121.2560615,24.9345432,汽車竊盜
108,3,29,20190329,中壢分局,興國所,121.2208037,24.9662358,汽車竊盜
108,2,9,20190209,中壢分局,自強所,121.2570019,24.9608307,汽車竊盜
108,1,26,20190126,中壢分局,普仁所,121.2365516,24.9542602,汽車竊盜
108,1,26,20190126,中壢分局,普仁所,121.2362796,24.9632683,汽車竊盜
108,1,18,20190118,中壢分局,文化所,121.2469444,24.9933844,汽車竊盜
108,1,16,20190116,中壢分局,普仁所,121.2431673,24.9543092,汽車竊盜
108,1,11,20190111,中壢分局,龍興所,121.2495431,24.9365998,汽車竊盜
108,1,8,20190108,中壢分局,中壢所,121.2277539,24.9599448,汽車竊盜
108,1,7,20190107,中壢分局,內壢所,121.2527493,24.9775401,汽車竊盜
108,1,5,20190105,中壢分局,普仁所,121.2432571,24.953928,汽車竊盜
108,1,3,20190103,中壢分局,中福所,121.2037174,24.9579574,汽車竊盜
108,1,3,20190103,中壢分局,普仁所,121.2342803,24.9483147,汽車竊盜
108,1,3,20190103,中壢分局,普仁所,121.2445034,24.9485183,汽車竊盜
107,12,31,20181231,中壢分局,龍興所,121.231417,24.9392169,汽車竊盜
107,12,30,20181230,中壢分局,龍興所,121.2486788,24.9348369,汽車竊盜
107,12,27,20181227,中壢分局,龍興所,121.249995,24.928633,汽車竊盜
107,12,24,20181224,中壢分局,龍興所,121.249045,24.929599,汽車竊盜
107,12,23,20181223,中壢分局,興國所,121.2095888,24.9611509,汽車竊盜
107,12,12,20181212,中壢分局,自強所,121.2560996,24.9630477,汽車竊盜
107,12,11,20181211,中壢分局,中福所,121.2344724,24.9751908,汽車竊盜
107,12,10,20181210,中壢分局,青埔所,121.2157137,25.009305,汽車竊盜
107,12,7,20181207,中壢分局,仁愛所,121.2573595,24.9538634,汽車竊盜
107,12,6,20181206,中壢分局,普仁所,121.2470211,24.9574219,汽車竊盜
107,12,1,20181201,中壢分局,龍興所,121.2530282,24.9353429,汽車竊盜
107,12,1,20181201,中壢分局,內壢所,121.2527259,24.9758205,汽車竊盜
107,11,30,20181130,中壢分局,大崙所,121.1646727,24.9604822,汽車竊盜
107,11,28,20181128,中壢分局,中福所,121.2345665,24.9777316,汽車竊盜
107,11,23,20181123,中壢分局,龍興所,121.2518627,24.9327069,汽車竊盜
107,11,19,20181119,中壢分局,興國所,121.2136076,24.9652653,汽車竊盜
107,11,16,20181116,中壢分局,龍興所,121.2571879,24.9316393,汽車竊盜
107,11,16,20181116,中壢分局,龍興所,121.2530282,24.9353429,汽車竊盜
107,11,12,20181112,中壢分局,仁愛所,121.2646877,24.9563685,汽車竊盜
107,11,9,20181109,中壢分局,仁愛所,121.2599847,24.9467614,汽車竊盜
107,11,5,20181105,中壢分局,龍興所,121.248663,24.933086,汽車竊盜
107,11,3,20181103,中壢分局,興國所,121.2055421,24.961988,汽車竊盜
107,11,1,20181101,中壢分局,自強所,121.2572773,24.9708544,汽車竊盜
107,10,30,20181030,中壢分局,中福所,121.2396582,24.9762532,汽車竊盜
107,10,26,20181026,中壢分局,普仁所,121.2300427,24.9618351,汽車竊盜
107,10,7,20181007,中壢分局,龍興所,121.2470519,24.9385222,汽車竊盜
107,10,7,20181007,中壢分局,仁愛所,121.2552398,24.9461948,汽車竊盜
107,9,29,20180929,中壢分局,中福所,121.2229339,24.981113,汽車竊盜
107,9,19,20180919,中壢分局,龍興所,121.2378925,24.9320756,汽車竊盜
107,9,17,20180917,中壢分局,普仁所,121.2439114,24.953851,汽車竊盜
107,9,16,20180916,中壢分局,中福所,121.2338179,24.977624,汽車竊盜
107,9,13,20180913,中壢分局,青埔所,121.215217,25.0130935,汽車竊盜
107,9,12,20180912,中壢分局,普仁所,121.2362803,24.9496951,汽車竊盜
107,9,5,20180905,中壢分局,龍興所,121.229282,24.9439779,汽車竊盜
107,8,26,20180826,中壢分局,龍興所,121.2319577,24.9381155,汽車竊盜
107,8,24,20180824,中壢分局,龍興所,121.1992573,24.9614753,汽車竊盜
107,8,5,20180805,中壢分局,仁愛所,121.2370176,24.9493603,汽車竊盜
107,7,31,20180731,中壢分局,大園所,121.2578451,24.9435744,汽車竊盜
107,6,30,20180630,中壢分局,圳頂所,121.2207119,25.0067508,汽車竊盜
107,6,18,20180618,中壢分局,普仁所,121.2506491,24.9561528,汽車竊盜
107,6,14,20180614,中壢分局,景福所,121.253246,24.9312287,汽車竊盜
107,6,12,20180612,中壢分局,景福所,121.2185211,25.0131445,汽車竊盜
107,5,17,20180517,中壢分局,興國所,121.2667493,24.9507511,汽車竊盜
107,5,10,20180510,中壢分局,埔心所,121.224309,24.9433814,汽車竊盜
107,5,2,20180502,中壢分局,景福所,121.237603,24.9323781,汽車竊盜
107,4,7,20180407,中壢分局,仁愛所,121.2555759,24.9569642,汽車竊盜
107,3,27,20180327,中壢分局,興國所,121.2143663,24.9694341,汽車竊盜
107,3,16,20180316,中壢分局,中福所,121.2168753,24.9701903,汽車竊盜
107,3,7,20180307,中壢分局,普仁所,121.2443999,24.9438102,汽車竊盜
107,3,5,20180305,中壢分局,自強所,121.2591156,24.9703744,汽車竊盜
107,3,4,20180304,中壢分局,仁愛所,121.261618,24.9468559,汽車竊盜
107,2,28,20180228,中壢分局,興國所,121.2058869,24.9588426,汽車竊盜
107,2,27,20180227,中壢分局,普仁所,121.2379194,24.9550611,汽車竊盜
107,2,23,20180223,中壢分局,中福所,121.2291921,25.0031062,汽車竊盜
107,2,13,20180213,中壢分局,自強所,121.2631787,24.9690519,汽車竊盜
107,2,12,20180212,中壢分局,大崙所,121.1847861,24.996004,汽車竊盜
107,2,5,20180205,中壢分局,龍興所,121.2278533,24.9434332,汽車竊盜
107,1,28,20180128,中壢分局,中福所,121.234128,24.9742329,汽車竊盜
107,1,27,20180127,中壢分局,興國所,121.2158363,24.953352,汽車竊盜
107,1,26,20180126,中壢分局,大崙所,121.184435,25.010713,汽車竊盜
107,1,23,20180123,中壢分局,仁愛所,121.2658193,24.9525568,汽車竊盜
107,1,21,20180121,中壢分局,普仁所,121.2401061,24.9520845,汽車竊盜
107,1,20,20180120,中壢分局,龍興所,121.249457,24.9348582,汽車竊盜
107,1,20,20180120,中壢分局,興國所,121.2016104,24.9605142,汽車竊盜
107,1,18,20180118,中壢分局,大崙所,121.1718744,24.9585721,汽車竊盜
107,1,14,20180114,中壢分局,仁愛所,121.261598,24.9383822,汽車竊盜
107,1,12,20180112,中壢分局,仁愛所,121.2579275,24.9434404,汽車竊盜
107,1,10,20180110,中壢分局,仁愛所,121.250534,24.94455,汽車竊盜
107,1,8,20180108,中壢分局,龍興所,121.2421979,24.9269935,汽車竊盜
107,1,2,20180102,中壢分局,仁愛所,121.255728,24.9560415,汽車竊盜
106,12,31,20171231,中壢分局,興國所,121.2081292,24.9633904,汽車竊盜
106,12,31,20171231,中壢分局,大崙所,121.1819703,24.9850649,汽車竊盜
106,12,31,20171231,中壢分局,大崙所,121.1755967,24.9909475,汽車竊盜
106,12,30,20171230,中壢分局,自強所,121.2559638,24.9687652,汽車竊盜
106,12,28,20171228,中壢分局,龍興所,121.2389132,24.9360195,汽車竊盜
106,12,28,20171228,中壢分局,內壢所,121.2590915,24.9756533,汽車竊盜
106,12,27,20171227,中壢分局,興國所,121.2125862,24.9754422,汽車竊盜
106,12,26,20171226,中壢分局,普仁所,121.2292415,24.9458795,汽車竊盜
106,12,17,20171217,中壢分局,普仁所,121.247631,24.9438941,汽車竊盜
106,12,16,20171216,中壢分局,中福所,121.2323797,24.9906068,汽車竊盜
106,12,15,20171215,中壢分局,龍興所,121.2532056,24.9360258,汽車竊盜
106,12,10,20171210,中壢分局,普仁所,121.2369008,24.9585021,汽車竊盜
106,12,5,20171205,中壢分局,龍興所,121.2532056,24.9360258,汽車竊盜
106,12,4,20171204,中壢分局,大崙所,121.1728402,25.0218341,汽車竊盜
106,11,29,20171129,中壢分局,普仁所,121.2300939,24.9503764,汽車竊盜
106,11,27,20171127,中壢分局,仁愛所,121.261618,24.9468559,汽車竊盜
106,11,25,20171125,中壢分局,仁愛所,121.2525812,24.9456542,汽車竊盜
106,11,24,20171124,中壢分局,龍興所,121.2257144,24.9414002,汽車竊盜
106,11,23,20171123,中壢分局,龍興所,121.2452065,24.9293848,汽車竊盜
106,11,22,20171122,中壢分局,中福所,121.2199796,24.9953061,汽車竊盜
106,11,19,20171119,中壢分局,龍興所,121.249457,24.9348582,汽車竊盜
106,11,17,20171117,中壢分局,普仁所,121.2365733,24.953386,汽車竊盜
106,11,17,20171117,中壢分局,普仁所,121.2362604,24.963155,汽車竊盜
106,11,17,20171117,中壢分局,大崙所,121.1935346,24.9845283,汽車竊盜
106,11,15,20171115,中壢分局,龍興所,121.2342029,24.9338389,汽車竊盜
106,11,15,20171115,中壢分局,仁愛所,121.2525812,24.9456542,汽車竊盜
106,11,14,20171114,中壢分局,龍興所,121.249371,24.928013,汽車竊盜
106,11,11,20171111,中壢分局,興國所,121.2159313,24.9572023,汽車竊盜
106,11,4,20171104,中壢分局,仁愛所,121.2568546,24.946726,汽車竊盜
106,11,1,20171101,中壢分局,文化所,121.2586426,24.9877592,汽車竊盜
106,10,31,20171031,中壢分局,龍興所,121.250358,24.9293519,汽車竊盜
106,10,31,20171031,中壢分局,文化所,121.2534201,24.9792666,汽車竊盜
106,10,25,20171025,中壢分局,興國所,121.2203507,24.9649997,汽車竊盜
106,10,24,20171024,中壢分局,龍興所,121.2314467,24.933595,汽車竊盜
106,10,21,20171021,中壢分局,文化所,121.2530189,24.971551,汽車竊盜
106,10,21,20171021,中壢分局,文化所,121.2471652,24.9784473,汽車竊盜
106,10,11,20171011,中壢分局,龍興所,121.2582462,24.9317846,汽車竊盜
106,10,8,20171008,中壢分局,龍興所,121.225354,24.9473518,汽車竊盜
106,9,25,20170925,中壢分局,普仁所,121.2366244,24.9492953,汽車竊盜
106,9,21,20170921,中壢分局,普仁所,121.2329132,24.9512846,汽車竊盜
106,9,21,20170921,中壢分局,普仁所,121.2343605,24.9639016,汽車竊盜
106,9,17,20170917,中壢分局,龍興所,121.2309209,24.9405686,汽車竊盜
106,9,17,20170917,中壢分局,龍興所,121.2492442,24.9280318,汽車竊盜
106,9,17,20170917,中壢分局,大崙所,121.180534,24.9878714,汽車竊盜
106,9,13,20170913,中壢分局,仁愛所,121.2655525,24.9545385,汽車竊盜
106,9,11,20170911,中壢分局,普仁所,121.2362604,24.963155,汽車竊盜
106,9,10,20170910,中壢分局,內壢所,121.253403,24.9778038,汽車竊盜
106,9,9,20170909,中壢分局,普仁所,121.2362604,24.963155,汽車竊盜
106,9,7,20170907,中壢分局,興國所,121.2148581,24.9644019,汽車竊盜
106,9,4,20170904,中壢分局,普仁所,121.2363591,24.953702,汽車竊盜
106,9,3,20170903,中壢分局,仁愛所,121.2583073,24.9494825,汽車竊盜
106,8,26,20170826,中壢分局,文化所,121.2325999,24.9955998,汽車竊盜
106,8,17,20170817,中壢分局,普仁所,121.2460953,24.9552517,汽車竊盜
106,8,16,20170816,中壢分局,文化所,121.2403891,24.962063,汽車竊盜
106,8,13,20170813,中壢分局,仁愛所,121.2568492,24.9468319,汽車竊盜
106,8,10,20170810,中壢分局,仁愛所,121.2525812,24.9456542,汽車竊盜
106,8,6,20170806,中壢分局,文化所,121.2478519,24.9792444,汽車竊盜
106,7,31,20170731,中壢分局,普仁所,121.2365231,24.9589116,汽車竊盜
106,7,26,20170726,中壢分局,興國所,121.2054747,24.9592756,汽車竊盜
106,7,18,20170718,中壢分局,興國所,121.2117404,24.9602099,汽車竊盜
106,7,14,20170714,中壢分局,龍興所,121.2377478,24.9322269,汽車竊盜
106,7,3,20170703,中壢分局,仁愛所,121.2567291,24.946726,汽車竊盜
106,6,17,20170617,中壢分局,普仁所,121.2371469,24.9506092,汽車竊盜
106,6,12,20170612,中壢分局,普仁所,121.247631,24.9438941,汽車竊盜
106,6,6,20170606,中壢分局,龍興所,121.23147,24.9381149,汽車竊盜
106,6,6,20170606,中壢分局,仁愛所,121.2499464,24.94314,汽車竊盜
106,5,30,20170530,中壢分局,文化所,121.2544462,24.97833,汽車竊盜
106,5,29,20170529,中壢分局,仁愛所,121.2536631,24.9394835,汽車竊盜
106,5,28,20170528,中壢分局,普仁所,121.2365572,24.9532715,汽車竊盜
106,5,28,20170528,中壢分局,中福所,121.2299802,24.9869442,汽車竊盜
106,5,18,20170518,中壢分局,自強所,121.2636987,24.9721622,汽車竊盜
106,5,18,20170518,中壢分局,青埔所,121.2010694,25.0106973,汽車竊盜
106,5,16,20170516,中壢分局,普仁所,121.2314616,24.9491684,汽車竊盜
106,5,16,20170516,中壢分局,大崙所,121.167319,24.9584756,汽車竊盜
106,5,8,20170508,中壢分局,龍興所,121.2544153,24.9371304,汽車竊盜
106,5,6,20170506,中壢分局,普仁所,121.2365049,24.9589268,汽車竊盜
106,5,4,20170504,中壢分局,文化所,121.2457379,24.9725723,汽車竊盜
106,5,1,20170501,中壢分局,普仁所,121.2441428,24.9543283,汽車竊盜
106,4,24,20170424,中壢分局,興國所,121.217362,24.9792441,汽車竊盜
106,4,20,20170420,中壢分局,青埔所,121.2204371,25.0237679,汽車竊盜
106,4,19,20170419,中壢分局,龍興所,121.2581746,24.9317982,汽車竊盜
106,4,18,20170418,中壢分局,普仁所,121.2312563,24.9530598,汽車竊盜
106,4,17,20170417,中壢分局,仁愛所,121.2569849,24.9385616,汽車竊盜
106,4,12,20170412,中壢分局,中福所,121.2349589,24.9707868,汽車竊盜
106,4,9,20170409,中壢分局,仁愛所,121.2524417,24.9455559,汽車竊盜
106,4,9,20170409,中壢分局,龍興所,121.251074,24.937604,汽車竊盜
106,4,7,20170407,中壢分局,龍興所,121.237018,24.934057,汽車竊盜
106,4,6,20170406,中壢分局,興國所,121.2018379,24.9583941,汽車竊盜
106,4,6,20170406,中壢分局,仁愛所,121.2529405,24.9446929,汽車竊盜
106,4,4,20170404,中壢分局,普仁所,121.2296977,24.9455461,汽車竊盜
106,4,3,20170403,中壢分局,興國所,121.2134107,24.9590974,汽車竊盜
106,4,1,20170401,中壢分局,興國所,121.2101933,24.9598343,汽車竊盜
106,4,1,20170401,中壢分局,普仁所,121.2330851,24.9559723,汽車竊盜
106,3,27,20170327,中壢分局,中壢所,121.2322437,24.954658,汽車竊盜
106,3,26,20170326,中壢分局,普仁所,121.2362957,24.9789629,汽車竊盜
106,3,25,20170325,中壢分局,自強所,121.264561,24.9608649,汽車竊盜
106,3,24,20170324,中壢分局,龍興所,121.2500293,24.941017,汽車竊盜
106,3,23,20170323,中壢分局,自強所,121.2628,24.96525,汽車竊盜
106,3,22,20170322,中壢分局,龍興所,121.2582,24.93083,汽車竊盜
106,3,21,20170321,中壢分局,龍興所,121.2453,24.93931,汽車竊盜
106,3,19,20170319,中壢分局,仁愛所,121.2592,24.94376,汽車竊盜
106,3,16,20170316,中壢分局,自強所,121.2628,24.96479,汽車竊盜
106,3,16,20170316,中壢分局,龍興所,121.2333,24.93272,汽車竊盜
106,3,15,20170315,中壢分局,普仁所,121.2381,24.95626,汽車竊盜
106,3,13,20170313,中壢分局,中壢所,121.225,24.94947,汽車竊盜
106,3,12,20170312,中壢分局,龍興所,121.2529,24.93473,汽車竊盜
106,3,11,20170311,中壢分局,青埔所,121.2204,25.00604,汽車竊盜
106,3,10,20170310,中壢分局,龍興所,121.2494,24.93478,汽車竊盜
106,3,10,20170310,中壢分局,龍興所,121.2377,24.93395,汽車竊盜
106,3,6,20170306,中壢分局,興國所,121.2058,24.96374,汽車竊盜
106,3,5,20170305,中壢分局,中福所,121.2239,24.96872,汽車竊盜
106,3,5,20170305,中壢分局,普仁所,121.2361,24.96301,汽車竊盜
106,3,4,20170304,中壢分局,文化所,121.25,24.97918,汽車竊盜
106,3,1,20170301,中壢分局,仁愛所,121.2668,24.95116,汽車竊盜
106,2,28,20170228,中壢分局,中壢所,121.2272,24.94831,汽車竊盜
106,2,24,20170224,中壢分局,仁愛所,121.2556,24.95696,汽車竊盜
106,2,21,20170221,中壢分局,仁愛所,121.2504,24.95662,汽車竊盜
106,2,19,20170219,中壢分局,中福所,121.2345,24.97364,汽車竊盜
106,2,19,20170219,中壢分局,興國所,121.2184,24.96655,汽車竊盜
106,2,17,20170217,中壢分局,普仁所,121.2331,24.95107,汽車竊盜
106,2,15,20170215,中壢分局,普仁所,121.2301,24.94651,汽車竊盜
106,2,4,20170204,中壢分局,龍興所,121.2494,24.92801,汽車竊盜
106,1,30,20170130,中壢分局,普仁所,121.2361,24.96301,汽車竊盜
106,1,28,20170128,中壢分局,龍興所,121.2533,24.9364,汽車竊盜
106,1,27,20170127,中壢分局,龍興所,121.2254,24.9398,汽車竊盜
106,1,25,20170125,中壢分局,仁愛所,121.2582,24.93726,汽車竊盜
106,1,24,20170124,中壢分局,龍興所,121.2293,24.94398,汽車竊盜
106,1,21,20170121,中壢分局,文化所,121.2463,24.97522,汽車竊盜
106,1,20,20170120,中壢分局,內壢所,121.2601,24.97543,汽車竊盜
106,1,15,20170115,中壢分局,大崙所,121.1727,24.95977,汽車竊盜
106,1,14,20170114,中壢分局,龍興所,121.2453,24.92942,汽車竊盜
106,1,12,20170112,中壢分局,龍興所,121.2371,24.933,汽車竊盜
106,1,6,20170106,中壢分局,龍興所,121.2224,24.94488,汽車竊盜
106,1,5,20170105,中壢分局,大崙所,121.1648,24.96177,汽車竊盜
106,1,1,20170101,中壢分局,興國所,121.2115,24.96453,汽車竊盜
106,1,1,20170101,中壢分局,龍興所,121.2415,24.9286,汽車竊盜
105,12,31,20161231,中壢分局,普仁所,121.2388,24.95332,汽車竊盜
105,12,30,20161230,中壢分局,自強所,121.2591,24.96186,汽車竊盜
105,12,27,20161227,中壢分局,大崙所,121.1539,24.9635,汽車竊盜
105,12,27,20161227,中壢分局,普仁所,121.2433,24.95517,汽車竊盜
105,12,27,20161227,中壢分局,普仁所,121.2289,24.95299,汽車竊盜
105,12,27,20161227,中壢分局,龍興所,121.2296,24.9445,汽車竊盜
105,12,24,20161224,中壢分局,普仁所,121.23,24.95469,汽車竊盜
105,12,22,20161222,中壢分局,文化所,121.2514,24.97461,汽車竊盜
105,12,12,20161212,中壢分局,龍興所,121.2464,24.93663,汽車竊盜
105,12,11,20161211,中壢分局,文化所,121.2298,25.00113,汽車竊盜
105,12,7,20161207,中壢分局,中福所,121.2356,24.97071,汽車竊盜
105,12,1,20161201,中壢分局,龍興所,121.2504,24.93877,汽車竊盜
105,11,27,20161127,中壢分局,興國所,121.2104,24.96072,汽車竊盜
105,11,27,20161127,中壢分局,仁愛所,121.2568,24.94683,汽車竊盜
105,11,26,20161126,中壢分局,中福所,121.231,24.96421,汽車竊盜
105,11,25,20161125,中壢分局,仁愛所,121.2616,24.93838,汽車竊盜
105,11,24,20161124,中壢分局,普仁所,121.1957,25.00651,汽車竊盜
105,11,23,20161123,中壢分局,文化所,121.2444,24.97257,汽車竊盜
105,11,23,20161123,中壢分局,中福所,121.2345,24.97129,汽車竊盜
105,11,23,20161123,中壢分局,中壢所,121.2244,24.95187,汽車竊盜
105,11,23,20161123,中壢分局,龍興所,121.2376,24.93241,汽車竊盜
105,11,21,20161121,中壢分局,普仁所,121.2383,24.94975,汽車竊盜
105,11,16,20161116,中壢分局,仁愛所,121.2623,24.95761,汽車竊盜
105,11,16,20161116,中壢分局,普仁所,121.2353,24.94634,汽車竊盜
105,11,15,20161115,中壢分局,文化所,121.243,24.98806,汽車竊盜
105,11,14,20161114,中壢分局,自強所,121.2574,24.96791,汽車竊盜
105,11,14,20161114,中壢分局,中壢所,121.2248,24.95382,汽車竊盜
105,11,12,20161112,中壢分局,中壢所,121.2258,24.95765,汽車竊盜
105,11,3,20161103,中壢分局,興國所,121.2115,24.96453,汽車竊盜
105,11,2,20161102,中壢分局,中福所,121.2314,24.96371,汽車竊盜
105,11,1,20161101,中壢分局,仁愛所,121.2511,24.94489,汽車竊盜
105,10,31,20161031,中壢分局,青埔所,121.2039,25.01023,汽車竊盜
105,10,28,20161028,中壢分局,內壢所,121.2544,24.97833,汽車竊盜
105,10,26,20161026,中壢分局,興國所,121.2104,24.959,汽車竊盜
105,10,23,20161023,中壢分局,興國所,121.214,24.95472,汽車竊盜
105,10,20,20161020,中壢分局,中福所,121.2325,24.96657,汽車竊盜
105,10,18,20161018,中壢分局,龍興所,121.2519,24.93267,汽車竊盜
105,10,11,20161011,中壢分局,中福所,121.2307,24.97705,汽車竊盜
105,10,2,20161002,中壢分局,普仁所,121.23241,24.9623966,汽車竊盜
105,9,25,20160925,中壢分局,龍興所,121.2481,24.93723,汽車竊盜
105,9,9,20160909,中壢分局,仁愛所,121.2515,24.94079,汽車竊盜
105,9,8,20160908,中壢分局,文化所,121.2549,24.99049,汽車竊盜
105,9,8,20160908,中壢分局,自強所,121.2603,24.96561,汽車竊盜
105,9,6,20160906,中壢分局,中福所,121.224,24.96897,汽車竊盜
105,9,6,20160906,中壢分局,仁愛所,121.2507,24.94492,汽車竊盜
105,9,4,20160904,中壢分局,文化所,121.2549,24.99088,汽車竊盜
105,9,4,20160904,中壢分局,內壢所,121.2603,24.97674,汽車竊盜
105,9,4,20160904,中壢分局,龍興所,121.2422,24.93913,汽車竊盜
105,9,3,20160903,中壢分局,自強所,121.262,24.96558,汽車竊盜
105,9,1,20160901,中壢分局,自強所,121.264,24.96482,汽車竊盜
105,8,31,20160831,中壢分局,中福所,121.2216,24.9917,汽車竊盜
105,8,30,20160830,中壢分局,內壢所,121.2636,24.97475,汽車竊盜
105,8,26,20160826,中壢分局,文化所,121.2519,24.97708,汽車竊盜
105,8,26,20160826,中壢分局,文化所,121.2447,24.97456,汽車竊盜
105,8,25,20160825,中壢分局,青埔所,121.2189,25.01499,汽車竊盜
105,8,24,20160824,中壢分局,文化所,121.2554,24.99119,汽車竊盜
105,8,15,20160815,中壢分局,自強所,121.2611,24.96919,汽車竊盜
105,8,15,20160815,中壢分局,仁愛所,121.2513,24.94371,汽車竊盜
105,8,13,20160813,中壢分局,仁愛所,121.2567,24.94689,汽車竊盜
105,8,8,20160808,中壢分局,自強所,121.2054,24.97215,汽車竊盜
105,8,6,20160806,中壢分局,龍興所,121.253,24.93891,汽車竊盜
105,8,6,20160806,中壢分局,龍興所,121.235,24.93485,汽車竊盜
105,8,4,20160804,中壢分局,龍興所,121.2422,24.93913,汽車竊盜
105,8,3,20160803,中壢分局,龍興所,121.2572,24.93192,汽車竊盜
105,8,2,20160802,中壢分局,中福所,121.2225,24.98481,汽車竊盜
105,8,2,20160802,中壢分局,內壢所,121.2054,24.97215,汽車竊盜
105,7,29,20160729,中壢分局,興國所,121.2205,24.96596,汽車竊盜
105,7,21,20160721,中壢分局,興國所,121.2218,24.99023,汽車竊盜
105,7,21,20160721,中壢分局,文化所,121.2447,24.97883,汽車竊盜
105,7,21,20160721,中壢分局,文化所,121.2534,24.97464,汽車竊盜
105,7,20,20160720,中壢分局,仁愛所,121.2598,24.95802,汽車竊盜
105,7,19,20160719,中壢分局,青埔所,121.2158,25.00923,汽車竊盜
105,7,19,20160719,中壢分局,內壢所,121.2609,24.97552,汽車竊盜
105,7,19,20160719,中壢分局,內壢所,121.2601,24.97543,汽車竊盜
105,7,16,20160716,中壢分局,中福所,121.2317,24.96699,汽車竊盜
105,7,16,20160716,中壢分局,龍興所,121.2494,24.92801,汽車竊盜
105,7,15,20160715,中壢分局,文化所,121.2456,24.99321,汽車竊盜
105,7,15,20160715,中壢分局,中福所,121.2399,24.97439,汽車竊盜
105,7,9,20160709,中壢分局,普仁所,121.2408,24.9514,汽車竊盜
105,7,8,20160708,中壢分局,普仁所,121.2321,24.96236,汽車竊盜
105,7,5,20160705,中壢分局,仁愛所,121.2618,24.94847,汽車竊盜
105,7,5,20160705,中壢分局,龍興所,121.2441,24.94024,汽車竊盜
105,7,1,20160701,中壢分局,普仁所,121.245,24.94121,汽車竊盜
105,6,25,20160625,中壢分局,興國所,121.2071,24.96269,汽車竊盜
105,6,24,20160624,中壢分局,龍興所,121.2344,24.93637,汽車竊盜
105,6,22,20160622,中壢分局,中壢所,121.2229,24.95423,汽車竊盜
105,6,22,20160622,中壢分局,仁愛所,121.2544,24.93704,汽車竊盜
105,6,21,20160621,中壢分局,中壢所,121.2191,24.95722,汽車竊盜
105,6,20,20160620,中壢分局,大崙所,121.1913,24.97165,汽車竊盜
105,6,17,20160617,中壢分局,普仁所,121.2445,24.94429,汽車竊盜
105,6,13,20160613,中壢分局,普仁所,121.234,24.9532,汽車竊盜
105,6,11,20160611,中壢分局,興國所,121.2036,24.95746,汽車竊盜
105,6,11,20160611,中壢分局,中壢所,121.2249,24.95563,汽車竊盜
105,6,9,20160609,中壢分局,大崙所,121.1787,24.99178,汽車竊盜
105,6,8,20160608,中壢分局,自強所,121.2612,24.96844,汽車竊盜
105,6,8,20160608,中壢分局,興國所,121.1947,24.95789,汽車竊盜
105,6,6,20160606,中壢分局,文化所,121.2459,24.96314,汽車竊盜
105,6,3,20160603,中壢分局,仁愛所,121.2524,24.94554,汽車竊盜
105,6,2,20160602,中壢分局,大崙所,121.1817,24.98386,汽車竊盜
105,6,2,20160602,中壢分局,仁愛所,121.2524,24.94554,汽車竊盜
105,5,28,20160528,中壢分局,興國所,121.1959,24.96843,汽車竊盜
105,4,7,20160407,中壢分局,文化所,121.2432,24.9792,汽車竊盜
105,4,6,20160406,中壢分局,仁愛所,121.2306,24.94117,汽車竊盜
105,4,5,20160405,中壢分局,內壢所,121.2565,24.98067,汽車竊盜
105,4,5,20160405,中壢分局,自強所,121.2575,24.96205,汽車竊盜
105,4,5,20160405,中壢分局,普仁所,121.2371,24.95485,汽車竊盜
105,4,5,20160405,中壢分局,仁愛所,121.257,24.94926,汽車竊盜
105,4,4,20160404,中壢分局,普仁所,121.2342,24.95695,汽車竊盜
105,4,3,20160403,中壢分局,中福所,121.2356,24.98934,汽車竊盜
105,3,27,20160327,中壢分局,中福所,121.2298,24.965,汽車竊盜
105,3,19,20160319,中壢分局,普仁所,121.2345,24.95417,汽車竊盜
105,3,19,20160319,中壢分局,龍興所,121.2507,24.94164,汽車竊盜
105,3,18,20160318,中壢分局,大崙所,121.1854,24.98566,汽車竊盜
105,3,18,20160318,中壢分局,仁愛所,121.2557,24.93303,汽車竊盜
105,3,17,20160317,中壢分局,興國所,121.2035,24.96,汽車竊盜
105,3,17,20160317,中壢分局,中壢所,121.224,24.94938,汽車竊盜
105,3,17,20160317,中壢分局,仁愛所,121.2598,24.9393,汽車竊盜
105,3,15,20160315,中壢分局,仁愛所,121.259,24.94962,汽車竊盜
105,3,15,20160315,中壢分局,龍興所,121.2569,24.93192,汽車竊盜
105,3,14,20160314,中壢分局,興國所,121.2171,24.97908,汽車竊盜
105,3,13,20160313,中壢分局,文化所,121.2464,24.98065,汽車竊盜
105,3,13,20160313,中壢分局,普仁所,121.2307,24.94532,汽車竊盜
105,3,11,20160311,中壢分局,大崙所,121.155,24.96941,汽車竊盜
105,3,11,20160311,中壢分局,中福所,121.2305,24.96702,汽車竊盜
105,3,11,20160311,中壢分局,仁愛所,121.2557,24.93303,汽車竊盜
105,3,6,20160306,中壢分局,仁愛所,121.2646,24.95577,汽車竊盜
105,3,5,20160305,中壢分局,大崙所,121.1815,25.00228,汽車竊盜
105,3,5,20160305,中壢分局,文化所,121.2462,24.98155,汽車竊盜
105,3,3,20160303,中壢分局,仁愛所,121.2575,24.93971,汽車竊盜
105,3,2,20160302,中壢分局,中壢所,121.2279,24.95693,汽車竊盜
105,3,1,20160301,中壢分局,青埔所,121.2152,25.01309,汽車竊盜
105,2,29,20160229,中壢分局,龍興所,121.2579,24.93,汽車竊盜
105,2,24,20160224,中壢分局,興國所,121.2153,24.97087,汽車竊盜
105,2,24,20160224,中壢分局,仁愛所,121.2588,24.93819,汽車竊盜
105,2,23,20160223,中壢分局,中壢所,121.2259,24.96024,汽車竊盜
105,2,20,20160220,中壢分局,文化所,121.2501,24.98624,汽車竊盜
105,2,20,20160220,中壢分局,普仁所,121.2301,24.95012,汽車竊盜
105,2,15,20160215,中壢分局,文化所,121.2398,24.96746,汽車竊盜
105,2,14,20160214,中壢分局,中福所,121.2292,25.00311,汽車竊盜
105,2,1,20160201,中壢分局,普仁所,121.2331,24.95693,汽車竊盜
105,1,26,20160126,中壢分局,仁愛所,121.2625,24.9508,汽車竊盜
105,1,25,20160125,中壢分局,文化所,121.2468,25.00628,汽車竊盜
105,1,22,20160122,中壢分局,內壢所,121.2054,24.97215,汽車竊盜
105,1,21,20160121,中壢分局,文化所,121.2512,24.97446,汽車竊盜
105,1,20,20160120,中壢分局,仁愛所,121.2507,24.94164,汽車竊盜
105,1,18,20160118,中壢分局,青埔所,121.2161,25.00135,汽車竊盜
105,1,16,20160116,中壢分局,仁愛所,121.2581,24.93727,汽車竊盜
105,1,13,20160113,中壢分局,龍興所,121.2569,24.93222,汽車竊盜
105,1,8,20160108,中壢分局,內壢所,121.2585,24.97685,汽車竊盜
105,1,8,20160108,中壢分局,文化所,121.2402,24.96238,汽車竊盜
105,1,6,20160106,中壢分局,興國所,121.2117,24.96359,汽車竊盜
105,1,6,20160106,中壢分局,興國所,121.2024,24.95796,汽車竊盜
105,1,4,20160104,中壢分局,龍興所,121.2468,24.9464,汽車竊盜
105,1,3,20160103,中壢分局,普仁所,121.2454,24.94514,汽車竊盜
105,1,2,20160102,中壢分局,大崙所,121.1628,24.9611,汽車竊盜
105,1,2,20160102,中壢分局,普仁所,121.2362,24.95204,汽車竊盜
105,1,1,20160101,中壢分局,中福所,121.2332,24.97071,汽車竊盜
104,12,29,20151229,中壢分局,中福所,121.2358,24.97331,汽車竊盜
104,12,27,20151227,中壢分局,仁愛所,121.2526,24.94558,汽車竊盜
104,12,25,20151225,中壢分局,文化所,121.2438,24.97256,汽車竊盜
104,12,24,20151224,中壢分局,中壢所,121.2218,24.95881,汽車竊盜
104,12,20,20151220,中壢分局,青埔所,121.2192,25.01262,汽車竊盜
104,12,20,20151220,中壢分局,大崙所,121.1694,24.99287,汽車竊盜
104,12,20,20151220,中壢分局,普仁所,121.2425,24.9408,汽車竊盜
104,12,19,20151219,中壢分局,龍興所,121.2422,24.93913,汽車竊盜
104,12,18,20151218,中壢分局,自強所,121.2629,24.96622,汽車竊盜
104,12,18,20151218,中壢分局,龍興所,121.2377,24.93239,汽車竊盜
104,12,17,20151217,中壢分局,青埔所,121.2178,25.01831,汽車竊盜
104,12,17,20151217,中壢分局,龍興所,121.2494,24.92801,汽車竊盜
104,12,16,20151216,中壢分局,文化所,121.2513,24.97503,汽車竊盜
104,12,16,20151216,中壢分局,普仁所,121.2457,24.9574,汽車竊盜
104,12,16,20151216,中壢分局,仁愛所,121.2567,24.94689,汽車竊盜
104,12,16,20151216,中壢分局,龍興所,121.2468,24.93267,汽車竊盜
104,12,11,20151211,中壢分局,仁愛所,121.2601,24.94722,汽車竊盜
104,12,10,20151210,中壢分局,文化所,121.2504,24.99009,汽車竊盜
104,12,10,20151210,中壢分局,普仁所,121.2386,24.93539,汽車竊盜
104,12,9,20151209,中壢分局,龍興所,121.2492,24.92803,汽車竊盜
104,12,8,20151208,中壢分局,普仁所,121.2054,24.97215,汽車竊盜
104,12,5,20151205,中壢分局,青埔所,121.2137,25.01054,汽車竊盜
104,12,5,20151205,中壢分局,興國所,121.2117,24.96359,汽車竊盜
104,12,2,20151202,中壢分局,中壢所,121.1756,24.99095,汽車竊盜
104,11,23,20151123,中壢分局,龍興所,121.2494,24.93478,汽車竊盜
104,11,23,20151123,中壢分局,仁愛所,121.2869,24.91104,汽車竊盜
104,11,18,20151118,中壢分局,仁愛所,121.2567,24.94689,汽車竊盜
104,11,16,20151116,中壢分局,興國所,121.223,24.96115,汽車竊盜
104,11,15,20151115,中壢分局,興國所,121.23241,24.9623966,汽車竊盜
104,11,12,20151112,中壢分局,普仁所,121.2426,24.93933,汽車竊盜
104,11,10,20151110,中壢分局,青埔所,121.2218,25.02261,汽車竊盜
104,11,10,20151110,中壢分局,青埔所,121.2012,25.00673,汽車竊盜
104,11,10,20151110,中壢分局,文化所,121.2466,24.99964,汽車竊盜
104,11,9,20151109,中壢分局,普仁所,121.2426,24.93933,汽車竊盜
104,11,8,20151108,中壢分局,青埔所,121.215,25.00234,汽車竊盜
104,11,8,20151108,中壢分局,大崙所,121.1688,24.99,汽車竊盜
104,11,6,20151106,中壢分局,普仁所,121.2431,24.95027,汽車竊盜
104,11,2,20151102,中壢分局,仁愛所,121.2567,24.94689,汽車竊盜
104,10,31,20151031,中壢分局,文化所,121.2448,24.97858,汽車竊盜
104,10,29,20151029,中壢分局,普仁所,121.243,24.9551,汽車竊盜
104,10,26,20151026,中壢分局,中福所,121.2397,24.97708,汽車竊盜
104,10,26,20151026,中壢分局,仁愛所,121.2609,24.94754,汽車竊盜
104,10,25,20151025,中壢分局,青埔所,121.2054,24.97215,汽車竊盜
104,10,22,20151022,中壢分局,青埔所,121.2161,25.00135,汽車竊盜
104,10,22,20151022,中壢分局,自強所,121.2639,24.96322,汽車竊盜
104,10,21,20151021,中壢分局,中福所,121.2317,24.97164,汽車竊盜
104,10,19,20151019,中壢分局,文化所,121.2054,24.97215,汽車竊盜
104,10,18,20151018,中壢分局,文化所,121.2292,25.00312,汽車竊盜
104,10,18,20151018,中壢分局,文化所,121.2495,24.97417,汽車竊盜
104,10,16,20151016,中壢分局,大崙所,121.1816,24.98827,汽車竊盜
104,10,10,20151010,中壢分局,文化所,121.2404,24.96312,汽車竊盜
104,10,10,20151010,中壢分局,龍興所,121.2251,24.94164,汽車竊盜
104,10,8,20151008,中壢分局,文化所,121.2428,24.97794,汽車竊盜
104,10,8,20151008,中壢分局,文化所,121.2404,24.96312,汽車竊盜
104,10,8,20151008,中壢分局,仁愛所,121.2525,24.94569,汽車竊盜
104,10,4,20151004,中壢分局,龍興所,121.2335,24.93462,汽車竊盜
104,10,3,20151003,中壢分局,中壢所,121.2253,24.95614,汽車竊盜
104,10,2,20151002,中壢分局,文化所,121.2404,24.96312,汽車竊盜
104,9,28,20150928,中壢分局,青埔所,121.2165,25.01013,汽車竊盜
104,9,25,20150925,中壢分局,自強所,121.2623,24.96361,汽車竊盜
104,9,22,20150922,中壢分局,自強所,121.262,24.96333,汽車竊盜
104,9,22,20150922,中壢分局,仁愛所,121.2525,24.94569,汽車竊盜
104,9,19,20150919,中壢分局,普仁所,121.2376,24.95787,汽車竊盜
104,9,17,20150917,中壢分局,文化所,121.2456,24.99321,汽車竊盜
104,9,17,20150917,中壢分局,普仁所,121.2331,24.95694,汽車竊盜
104,9,16,20150916,中壢分局,青埔所,121.2192,25.01262,汽車竊盜
104,9,15,20150915,中壢分局,文化所,121.2436,24.98473,汽車竊盜
104,9,15,20150915,中壢分局,中福所,121.2328,24.96571,汽車竊盜
104,9,15,20150915,中壢分局,中壢所,121.2267,24.95231,汽車竊盜
104,9,14,20150914,中壢分局,自強所,121.2573,24.96863,汽車竊盜
104,9,14,20150914,中壢分局,仁愛所,121.2869,24.91104,汽車竊盜
104,9,12,20150912,中壢分局,青埔所,121.2209,25.01119,汽車竊盜
104,9,11,20150911,中壢分局,普仁所,121.2363,24.95352,汽車竊盜
104,9,10,20150910,中壢分局,文化所,121.2304,24.99937,汽車竊盜
104,9,9,20150909,中壢分局,內壢所,121.2524,24.98011,汽車竊盜
104,9,9,20150909,中壢分局,中福所,121.224,24.97167,汽車竊盜
104,9,7,20150907,中壢分局,中福所,121.2302,24.96698,汽車竊盜
104,9,7,20150907,中壢分局,興國所,121.2111,24.96158,汽車竊盜
104,9,7,20150907,中壢分局,普仁所,121.2474,24.95963,汽車竊盜
104,9,7,20150907,中壢分局,仁愛所,121.2525,24.94569,汽車竊盜
104,9,6,20150906,中壢分局,文化所,121.242,24.9726,汽車竊盜
104,9,5,20150905,中壢分局,青埔所,121.2192,25.01262,汽車竊盜
104,9,4,20150904,中壢分局,文化所,121.2538,24.99189,汽車竊盜
104,8,31,20150831,中壢分局,自強所,121.2054,24.97215,汽車竊盜
104,8,26,20150826,中壢分局,普仁所,121.2349,24.9532,汽車竊盜
104,8,24,20150824,中壢分局,青埔所,121.2165,25.01013,汽車竊盜
104,8,24,20150824,中壢分局,青埔所,121.2173,25.00037,汽車竊盜
104,8,24,20150824,中壢分局,文化所,121.2447,24.97731,汽車竊盜
104,8,24,20150824,中壢分局,龍興所,121.2476,24.93547,汽車竊盜
104,8,23,20150823,中壢分局,文化所,121.2409,25.00176,汽車竊盜
104,8,23,20150823,中壢分局,興國所,121.2144,24.96564,汽車竊盜
104,8,23,20150823,中壢分局,龍興所,121.25,24.94116,汽車竊盜
104,8,21,20150821,中壢分局,自強所,121.256,24.97158,汽車竊盜
104,8,18,20150818,中壢分局,青埔所,121.2192,25.01262,汽車竊盜
104,8,18,20150818,中壢分局,大崙所,121.2048,25.00242,汽車竊盜
104,8,17,20150817,中壢分局,內壢所,121.2549,24.97591,汽車竊盜
104,8,17,20150817,中壢分局,龍興所,121.256,24.97158,汽車竊盜
104,8,17,20150817,中壢分局,龍興所,121.2398,24.93668,汽車竊盜
104,8,15,20150815,中壢分局,文化所,121.2501,24.98624,汽車竊盜
104,8,12,20150812,中壢分局,龍興所,121.2262,24.94544,汽車竊盜
104,8,11,20150811,中壢分局,青埔所,121.2192,25.01262,汽車竊盜
104,8,9,20150809,中壢分局,中福所,121.2292,25.00311,汽車竊盜
104,8,9,20150809,中壢分局,興國所,121.2093,24.95843,汽車竊盜
104,8,8,20150808,中壢分局,大崙所,121.1805,24.98866,汽車竊盜
104,8,7,20150807,中壢分局,自強所,121.2638,24.97339,汽車竊盜
104,8,7,20150807,中壢分局,興國所,121.2065,24.96179,汽車竊盜
104,8,3,20150803,中壢分局,普仁所,121.2321,24.95735,汽車竊盜
104,8,2,20150802,中壢分局,中福所,121.2226,24.98219,汽車竊盜
104,8,1,20150801,中壢分局,興國所,121.1945,24.96475,汽車竊盜
104,7,31,20150731,中壢分局,內壢所,121.2509,24.97968,汽車竊盜
104,7,29,20150729,中壢分局,文化所,121.2428,24.97262,汽車竊盜
104,7,28,20150728,中壢分局,中福所,121.2288,24.96735,汽車竊盜
104,7,27,20150727,中壢分局,文化所,121.2504,24.9903,汽車竊盜
104,7,22,20150722,中壢分局,普仁所,121.2441,24.944,汽車竊盜
104,7,19,20150719,中壢分局,中福所,121.2354,24.97303,汽車竊盜
104,7,18,20150718,中壢分局,普仁所,121.2345,24.95417,汽車竊盜
104,7,17,20150717,中壢分局,興國所,121.2105,24.97797,汽車竊盜
104,7,17,20150717,中壢分局,大崙所,121.1653,24.96122,汽車竊盜
104,7,11,20150711,中壢分局,文化所,121.2513,24.97503,汽車竊盜
104,7,8,20150708,中壢分局,普仁所,121.2464,24.9612,汽車竊盜
104,7,8,20150708,中壢分局,普仁所,121.2397,24.9526,汽車竊盜
104,7,7,20150707,中壢分局,中福所,121.2329,24.97755,汽車竊盜
104,7,6,20150706,中壢分局,文化所,121.231,24.99817,汽車竊盜
104,7,2,20150702,中壢分局,普仁所,121.2541,24.97111,汽車竊盜
104,6,28,20150628,中壢分局,仁愛所,121.264,24.95853,汽車竊盜
104,6,18,20150618,中壢分局,興國所,121.2149,24.95991,汽車竊盜
104,6,18,20150618,中壢分局,仁愛所,121.2641,24.95567,汽車竊盜
104,6,16,20150616,中壢分局,普仁所,121.2321,24.96238,汽車竊盜
104,6,14,20150614,中壢分局,文化所,121.2054,24.97215,汽車竊盜
104,6,13,20150613,中壢分局,仁愛所,121.2635,24.95587,汽車竊盜
104,6,7,20150607,中壢分局,文化所,121.2054,24.97215,汽車竊盜
104,6,4,20150604,中壢分局,興國所,121.2036,25.01383,汽車竊盜
104,6,2,20150602,中壢分局,文化所,121.2425,24.98121,汽車竊盜
104,5,31,20150531,中壢分局,普仁所,121.2323,24.9566,汽車竊盜
104,5,31,20150531,中壢分局,中壢所,121.2266,24.94693,汽車竊盜
104,5,29,20150529,中壢分局,龍興所,121.2538,24.94115,汽車竊盜
104,5,28,20150528,中壢分局,興國所,121.2235,24.97173,汽車竊盜
104,5,26,20150526,中壢分局,仁愛所,121.2566,24.95085,汽車竊盜
104,5,20,20150520,中壢分局,仁愛所,121.2561,24.95475,汽車竊盜
104,5,18,20150518,中壢分局,內壢所,121.2539,24.9738,汽車竊盜
104,5,18,20150518,中壢分局,文化所,121.2391,24.96261,汽車竊盜
104,5,15,20150515,中壢分局,興國所,121.2163,24.96943,汽車竊盜
104,5,9,20150509,中壢分局,自強所,121.2648,24.96145,汽車竊盜
104,5,3,20150503,中壢分局,文化所,121.2446,24.99707,汽車竊盜
104,5,2,20150502,中壢分局,仁愛所,121.2657,24.95609,汽車竊盜
104,5,1,20150501,中壢分局,青埔所,121.2054,24.97215,汽車竊盜
104,5,1,20150501,中壢分局,興國所,121.2031,24.95904,汽車竊盜
104,4,30,20150430,中壢分局,普仁所,121.2332,24.95048,汽車竊盜
104,4,29,20150429,中壢分局,青埔所,121.2192,25.01262,汽車竊盜
104,4,24,20150424,中壢分局,青埔所,121.2191,25.02548,汽車竊盜
104,4,22,20150422,中壢分局,興國所,121.2086,24.95775,汽車竊盜
104,4,21,20150421,中壢分局,仁愛所,121.2509,24.94473,汽車竊盜
104,4,20,20150420,中壢分局,自強所,121.2559,24.96263,汽車竊盜
104,4,19,20150419,中壢分局,興國所,121.2207,24.96107,汽車竊盜
104,4,15,20150415,中壢分局,自強所,121.2624,24.97321,汽車竊盜
104,4,15,20150415,中壢分局,普仁所,121.2291,24.9563,汽車竊盜
104,4,15,20150415,中壢分局,龍興所,121.2279,24.94591,汽車竊盜
104,4,13,20150413,中壢分局,普仁所,121.2426,24.93933,汽車竊盜
104,4,12,20150412,中壢分局,龍興所,121.2563,24.9333,汽車竊盜
104,4,8,20150408,中壢分局,仁愛所,121.2624,24.95104,汽車竊盜
104,4,7,20150407,中壢分局,內壢所,121.2543,24.97724,汽車竊盜
104,4,6,20150406,中壢分局,自強所,121.2641,24.9624,汽車竊盜
104,4,6,20150406,中壢分局,普仁所,121.2303,24.95152,汽車竊盜
104,4,3,20150403,中壢分局,大崙所,121.1809,24.98814,汽車竊盜
104,4,2,20150402,中壢分局,文化所,121.2507,24.9827,汽車竊盜
104,4,1,20150401,中壢分局,興國所,121.2082,24.96098,汽車竊盜
104,3,31,20150331,中壢分局,普仁所,121.2491,24.95702,汽車竊盜
104,3,30,20150330,中壢分局,青埔所,121.2199,25.0158,汽車竊盜
104,3,30,20150330,中壢分局,自強所,121.2572,24.96112,汽車竊盜
104,3,29,20150329,中壢分局,龍興所,121.2476,24.9366,汽車竊盜
104,3,28,20150328,中壢分局,普仁所,121.2448,24.95988,汽車竊盜
104,3,27,20150327,中壢分局,文化所,121.251,24.98272,汽車竊盜
104,3,25,20150325,中壢分局,中福所,121.2238,24.96916,汽車竊盜
104,3,25,20150325,中壢分局,仁愛所,121.2563,24.96101,汽車竊盜
104,3,24,20150324,中壢分局,文化所,121.2479,24.98926,汽車竊盜
104,3,22,20150322,中壢分局,大崙所,121.1706,24.98493,汽車竊盜
104,3,21,20150321,中壢分局,仁愛所,121.2618,24.94765,汽車竊盜
104,3,17,20150317,中壢分局,大崙所,121.1789,24.98878,汽車竊盜
104,3,16,20150316,中壢分局,內壢所,121.2584,24.97866,汽車竊盜
104,3,16,20150316,中壢分局,中壢所,121.2281,24.9471,汽車竊盜
104,3,14,20150314,中壢分局,文化所,121.2456,24.96992,汽車竊盜
104,3,12,20150312,中壢分局,興國所,121.2226,24.98237,汽車竊盜
104,3,8,20150308,中壢分局,文化所,121.2054,24.97215,汽車竊盜
104,3,8,20150308,中壢分局,龍興所,121.2488,24.93543,汽車竊盜
104,3,6,20150306,中壢分局,文化所,121.2467,24.98227,汽車竊盜
104,3,3,20150303,中壢分局,仁愛所,121.2285,24.95624,汽車竊盜
104,3,2,20150302,中壢分局,興國所,121.2174,24.97924,汽車竊盜
104,2,27,20150227,中壢分局,普仁所,121.2313,24.95296,汽車竊盜
104,2,25,20150225,中壢分局,大崙所,121.1882,24.98388,汽車竊盜
104,2,25,20150225,中壢分局,中福所,121.2359,24.97774,汽車竊盜
104,2,24,20150224,中壢分局,興國所,121.2238,24.97014,汽車竊盜
104,2,23,20150223,中壢分局,興國所,121.222,24.98718,汽車竊盜
104,2,21,20150221,中壢分局,大崙所,121.1853,25.01828,汽車竊盜
104,2,18,20150218,中壢分局,龍興所,121.2246,24.94367,汽車竊盜
104,2,16,20150216,中壢分局,內壢所,121.2543,24.97724,汽車竊盜
104,2,15,20150215,中壢分局,中壢所,121.2268,24.94964,汽車竊盜
104,2,13,20150213,中壢分局,龍興所,121.2229,24.94519,汽車竊盜
104,2,9,20150209,中壢分局,龍興所,121.2367,24.93368,汽車竊盜
104,2,7,20150207,中壢分局,自強所,121.2591,24.96474,汽車竊盜
104,2,3,20150203,中壢分局,仁愛所,121.2479,24.94767,汽車竊盜
104,2,2,20150202,中壢分局,興國所,121.2161,24.95831,汽車竊盜
104,2,1,20150201,中壢分局,普仁所,121.2363,24.95583,汽車竊盜
104,2,1,20150201,中壢分局,中壢所,121.226,24.95337,汽車竊盜
104,1,30,20150130,中壢分局,興國所,121.2225,24.98208,汽車竊盜
104,1,30,20150130,中壢分局,中壢所,121.2273,24.94805,汽車竊盜
104,1,19,20150119,中壢分局,文化所,121.2518,24.98735,汽車竊盜
104,1,19,20150119,中壢分局,興國所,121.2059,24.96039,汽車竊盜
104,1,14,20150114,中壢分局,文化所,121.2382,24.96416,汽車竊盜
104,1,11,20150111,中壢分局,中福所,121.2358,24.97207,汽車竊盜
104,1,9,20150109,中壢分局,仁愛所,121.2525,24.94569,汽車竊盜
104,1,6,20150106,中壢分局,文化所,121.2496,24.97609,汽車竊盜
104,1,6,20150106,中壢分局,興國所,121.2036,24.96002,汽車竊盜
104,1,6,20150106,中壢分局,仁愛所,121.2595,24.94501,汽車竊盜
104,1,3,20150103,中壢分局,龍興所,121.2433,24.92891,汽車竊盜
104,1,1,20150101,中壢分局,仁愛所,121.2312,24.95494,汽車竊盜
104,1,1,20150101,中壢分局,龍興所,121.2371,24.93302,汽車竊盜
102,7,31,20130731,中壢分局,仁愛所,121.2559,24.94649,汽車竊盜
101,11,3,20121103,中壢分局,龍興所,121.2434,24.94013,汽車竊盜
